978-4-566023-70-3	0090003755	2003/06/08	王の帰還　〈下〉　／【新版】指輪物語９		評論社文庫	Ｊ・Ｒ・Ｒ・トールキン／瀬田　貞二／田中　朋子．訳	933	ﾄ	9	評論社	2002	349	15	2003
978-4-062736-83-1	0090003756	2003/06/08	ＧＯ		講談社文庫	金城　一紀	913.6	ｶｶ		講談社	2003	252	15	2003
978-4-061965-14-0	0090003757	2003/06/08	宮本武蔵　〈一〉		吉川英治歴史時代文庫１４	吉川　英治	913.6	ﾖｴ	1	講談社	2002	409	15	2003
978-4-061965-15-7	0090003758	2003/06/08	宮本武蔵　〈二〉		吉川英治歴史時代文庫１５	吉川　英治	913.6	ﾖｴ	2	講談社	2002	409	15	2003
978-4-061965-16-4	0090003759	2003/06/08	宮本武蔵　〈三〉		吉川英治歴史時代文庫１６	吉川　英治	913.6	ﾖｴ	3	講談社	2002	409	15	2003
978-4-061965-17-1	0090003760	2003/06/08	宮本武蔵　〈四〉		吉川英治歴史時代文庫１７	吉川　英治	913.6	ﾖｴ	4	講談社	2002	397	15	2003
978-4-061965-18-8	0090003761	2003/06/08	宮本武蔵　〈五〉		吉川英治歴史時代文庫１８	吉川　英治	913.6	ﾖｴ	5	講談社	2002	404	15	2003
978-4-061965-19-5	0090003762	2003/06/08	宮本武蔵　〈六〉		吉川英治歴史時代文庫１９	吉川　英治	913.6	ﾖｴ	6	講談社	2002	390	15	2003
978-4-061965-20-1	0090003763	2003/06/08	宮本武蔵　〈七〉		吉川英治歴史時代文庫２０	吉川　英治	913.6	ﾖｴ	7	講談社	2002	427	15	2003
978-4-061965-21-8	0090003764	2003/06/08	宮本武蔵　〈八〉		吉川英治歴史時代文庫２１	吉川　英治	913.6	ﾖｴ	8	講談社	2002	379	15	2003
	0090003766	2003/06/10	皇室文化と平成　／天皇陛下御即位十年記念		写真集	時事画報社	288.4	ｼﾞ		時事画報社	1999	81	30	2003
978-4-877286-37-8	0090003767	2003/06/10	極道放浪記　１／殺られてたまるか！		幻冬舎アウトロー文庫	浅田　次郎	914.6	ｱｼﾞ	1	幻冬舎	1999	213	15	2003
978-4-877286-66-8	0090003768	2003/06/10	極道放浪記　２／相棒への鎮魂歌		幻冬舎アウトロー文庫	浅田　次郎	914.6	ｱｼﾞ	2	幻冬舎	1999	220	15	2003
978-4-087473-29-2	0090003769	2003/06/10	プリズンホテル　１／夏		集英社文庫	浅田　次郎	913.6	ｱｼﾞ	1	集英社	2003	315	15	2003
978-4-087473-39-1	0090003770	2003/06/10	プリズンホテル　２／秋		集英社文庫	浅田　次郎	913.6	ｱｼﾞ	2	集英社	2001	435	15	2003
978-4-087473-58-2	0090003771	2003/06/10	プリズンホテル　３／冬		集英社文庫	浅田　次郎	913.6	ｱｼﾞ	3	集英社	2003	310	15	2003
978-4-087473-78-0	0090003772	2003/06/10	プリズンホテル　４／春		集英社文庫	浅田　次郎	913.6	ｱｼﾞ	4	集英社	2003	403	15	2003
978-4-480036-71-1	0090003773	2003/06/10	老人力		ちくま文庫	赤瀬川　原平	914.6	ｱｹﾞ		筑摩書房	2001	395	15	2003
978-4-480032-63-8	0090003774	2003/06/10	こいつらが日本語をダメにした		ちくま文庫	赤瀬川　原平／ねじめ　正一／南　伸坊	810	ｱｹﾞ		筑摩書房	2002	329	15	2003
978-4-480028-18-1	0090003775	2003/06/10	路上観察學入門		ちくま文庫	赤瀬川　原平／藤森　照信／南　伸坊．編	914.6	ｱｹﾞ		筑摩書房	2001	380	15	2003
978-4-122038-12-7	0090003776	2003/06/11	猫の宇宙　／向島からブータンまで		中公文庫	赤瀬川　原平．文・写真	914.6	ｱｹﾞ		中央公論社	2001	127	15	2003
978-4-122033-99-3	0090003777	2003/06/11	「日本文化論」の変容　／戦後日本の文化とアイデンティティー		中公文庫	青木　保	389	ｱﾀ		中央公論社	1999	212	15	2003
978-4-122037-70-0	0090003778	2003/06/11	我輩は施主である		中公文庫	赤瀬川　原平	913.6	ｱｹﾞ		中央公論社	2001	359	15	2003
978-4-086001-45-8	0090003779	2003/06/26	東京Ｓ黄尾探偵団　／嵐の歌を聴け		集英社コバルト文庫	響野　夏菜	913.6	ﾋｶ	18	集英社	2002	245	15	2003
978-4-086002-29-5	0090003780	2003/06/26	東京Ｓ黄尾探偵団　／その女、凶暴につき		集英社コバルト文庫	響野　夏菜	913.6	ﾋｶ	19	集英社	2003	274	15	2003
978-4-086002-60-8	0090003781	2003/06/26	東京Ｓ黄尾探偵団　／八月の雨		集英社コバルト文庫	響野　夏菜	913.6	ﾋｶ	20	集英社	2003	288	15	2003
978-4-341120-05-4	0090003783	2003/06/26	わが友　本田宗一郎			井深　大	289.1	ｲﾏ		ごま書房	1992	216	19	2003
	0090003784	2003/06/26	リトル・トリー			フォレスト・カーター／和田　穹男．訳	289.3	ｶ		めるくまーる	1992	354	20	2003
978-4-772701-55-6	0090003785	2003/06/26	列女伝　／歴史を変えた女たち			山崎　純一	282.2	ﾔｼﾞ		五月書房	1991	352	20	2003
978-4-130033-04-6	0090003786	2003/06/26	ワイマール共和国　〈下〉			有澤　廣巳	234.07	ｱﾋ	下	東京大学出版会	1994	952	20	2003
978-4-840208-04-8	0090003788	2003/07/01	ブギーポップは笑わない		電撃文庫	上遠野　浩平	913.6	ｶｺ	1	メディアワークス	2003	283	15	2003
978-4-840209-43-4	0090003789	2003/07/01	ＶＳイマジネーター　〈１〉　／ブギーポップ・リターンズ		電撃文庫	上遠野　浩平	913.6	ｶｺ	2	メディアワークス	2003	248	15	2003
978-4-840209-44-1	0090003790	2003/07/01	ＶＳイマジネーター　〈２〉　／ブギーポップ・リターンズ		電撃文庫	上遠野　浩平	913.6	ｶｺ	3	メディアワークス	2002	275	15	2003
978-4-840210-35-5	0090003791	2003/07/01	パンドラ／ブギーポップ・イン・ザ・ミラー		電撃文庫	上遠野　浩平	913.6	ｶｺ	4	メディアワークス	2003	301	15	2003
978-4-840210-88-1	0090003792	2003/07/01	歪曲王　／ブギーポップ・オーバードライブ		電撃文庫	上遠野　浩平	913.6	ｶｺ	5	メディアワークス	2003	321	15	2003
978-4-840211-97-0	0090003793	2003/07/01	夜明けのブギーポップ		電撃文庫	上遠野　浩平	913.6	ｶｺ	6	メディアワークス	2003	283	15	2003
978-4-840212-50-2	0090003794	2003/07/01	ペパーミントの魔術師　／ブギーポップ・ミッシング		電撃文庫	上遠野　浩平	913.6	ｶｺ	7	メディアワークス	2003	329	15	2003
978-4-840213-58-5	0090003795	2003/07/01	エンブリオ浸蝕　／ブギーポップ・カウントダウン		電撃文庫	上遠野　浩平	913.6	ｶｺ	8	メディアワークス	2003	241	15	2003
978-4-840214-14-8	0090003796	2003/07/01	エンブリオ炎生　／ブギーポップ・ウィキッド		電撃文庫	上遠野　浩平	913.6	ｶｺ	9	メディアワークス	2002	259	15	2003
978-4-840220-56-9	0090003798	2003/07/01	ビートのディシプリン		電撃文庫	上遠野　浩平	913.6	ｶｺ	13	メディアワークス	2003	349	15	2003
978-4-566023-62-8	0090003800	2003/07/01	旅の仲間　〈上１〉　／【新版】指輪物語１		評論文庫	Ｊ・Ｒ・Ｒ・トールキン／瀬田　貞二／田中　明子．訳	933	ﾄ	1	評論社	2003	252	15	2003
978-4-566023-63-5	0090003801	2003/07/01	旅の仲間　〈上２〉　／【新版】指輪物語２		評論文庫	Ｊ・Ｒ・Ｒ・トールキン／瀬田　貞二／田中　明子．訳	933	ﾄ	2	評論社	2003	268	15	2003
978-4-566023-64-2	0090003802	2003/07/01	旅の仲間　〈下１〉　／【新版】指輪物語３		評論文庫	Ｊ・Ｒ・Ｒ・トールキン／瀬田　貞二／田中　明子．訳	933	ﾄ	3	評論社	2003	246	15	2003
978-4-566023-65-9	0090003803	2003/07/01	旅の仲間　〈下２〉　／【新版】指輪物語４		評論文庫	Ｊ・Ｒ・Ｒ・トールキン／瀬田　貞二／田中　明子．訳	933	ﾄ	4	評論社	2002	213	15	2003
978-4-840223-78-2	0090003804	2003/07/01	悪魔のミカタ　９　／Ｉｔ／ドッグディズの終わりかた		電撃文庫	うえお　久光	913.6	ｳﾋ	9	メディアワークス	2003	235	15	2003
978-4-062738-08-8	0090003805	2003/07/01	濃い人々　／いとしの作中人物たち		講談社文庫	群　ようこ	914.6	ﾑﾖ		講談社	2003	218	15	2003
978-4-344403-36-9	0090003806	2003/07/01	愛の病		幻冬舎文庫	狗飼　恭子	913.6	ｲｷ		幻冬舎	2003	176	15	2003
978-4-167348-02-1	0090003807	2003/07/01	青が散る		文春文庫	宮本　輝	913.6	ﾐﾃ		文藝春秋	2001	478	15	2003
978-4-840223-76-8	0090003808	2003/07/01	Ｍｉｓｓｉｎｇ　８／生贄の物語		電撃文庫	甲田　学人	913.6	ｺｶﾞ	8	メディアワークス	2003	295	15	2003
978-4-533018-62-6	0090003810	2003/07/01	ひとり歩きの　韓国語自由自在			ＪＴＢ	290.9	ｼﾞ		日本交通公社	1995	287	17	2003
	0090003811	2003/07/01	ネーチャーガイド・日本		知恵蔵１９９７附録	朝日新聞社	291.03	ｱ		朝日新聞社	1996	351	19	2003
	0090003816	2003/07/01	船旅ガイド’９６		雑誌	成美堂出版	290.9	ﾅ		成美堂出版	1996	143	29	2003
	0090003819	2003/07/01	ジョイフル　５／１９９５　／木と生きる		雑誌	近畿日本ツーリスト	290.9	ｷ		近畿日本ツーリスト	1995	176	28	2003
978-4-102193-15-0	0090003829	2003/07/07	グリーン・マイル　〈１〉　／ふたりの少女の死		新潮文庫	スティーブン・キング／白石　朗．訳	933	ｷ	1	新潮社	2001	155	15	2003
978-4-102193-16-7	0090003830	2003/07/07	グリーン・マイル　〈２〉　／死刑囚と鼠		新潮文庫	スティーブン・キング／白石　朗．訳	933	ｷ	2	新潮社	2000	158	15	2003
978-4-102193-17-4	0090003831	2003/07/07	グリーン・マイル　〈３〉　／コーフィの手		新潮文庫	スティーブン・キング／白石　朗．訳	933	ｷ	3	新潮社	2000	158	15	2003
978-4-102193-18-1	0090003832	2003/07/07	グリーン・マイル　〈４〉　／ドラクロアの悲惨な死		新潮文庫	スティーブン・キング／白石　朗．訳	933	ｷ	4	新潮社	2000	157	15	2003
978-4-102193-19-8	0090003833	2003/07/07	グリーン・マイル　〈５〉　／夜の果てへの旅		新潮文庫	スティーブン・キング／白石　朗．訳	933	ｷ	5	新潮社	2000	169	15	2003
978-4-102193-20-4	0090003834	2003/07/07	グリーン・マイル　〈６〉　／闇の彼方へ		新潮文庫	スティーブン・キング／白石　朗．訳	933	ｷ	6	新潮社	1999	221	15	2003
978-4-000092-99-9	0090003835	2003/07/07	消費者のための　食品表示の読み方　／毎日何を食べているのか		岩波ブックレット　５９９	安田　節子	498.5	ﾔｾ	599	岩波書店	2003	69	21	2003
978-4-000092-98-2	0090003836	2003/07/07	不法投棄はこうしてなくす　／実践対策マニュアル		岩波ブックレット　５９８	石渡　正佳	518.52	ｲﾏ	598	岩波書店	2003	70	21	2003
978-4-000092-97-5	0090003837	2003/07/07	地雷と人間　／一人ひとりにできること		岩波ブックレット　５９７	地雷廃絶日本キャンペーン．編	319.8	ｼﾞ	597	岩波書店	2003	71	21	2003
978-4-000093-00-2	0090003838	2003/07/07	子どもたちのイラク　【カラー版】		岩波ブックレット　６００	日本国際ボランティアセンター	319.8	ﾆ	600	岩波書店	2003	63	21	2003
978-4-000093-01-9	0090003839	2003/07/07	反ブッシュイズム２　／終わらない戦争		岩波ブックレット　６０１	アンドリュー・デウィット／金子　勝	313	ﾃﾞ	601	岩波書店	2003	135	21	2003
	0090003840	2003/07/07	サウディアラビア王国			日本サウディアラビア協会．編	292.861	ﾆ		日本サウディアラビア協会	1999	245	2124	2003
	0090003841	2003/07/07	Ｗｅｌｔｇｅｓｃｈｉｃｈｔｅ　ｉｍ　Ｂｉｌｄ　７			イタリア	293	ｲ		イタリア		144	30	2003
	0090003842	2003/07/07	ＱＢ　／クオリティ・ブリテン　２０００／英国の教育事情			駐日英国大使館広報部	293.309	ﾁ		駐日英国大使館広報部	2000	144	30	2003
	0090003843	2003/07/07	Ｇｅｏｇｒａｐｈｉｅ　ｄｅｒ　Ｓｃｈｗｅｉｚ		写真集	スイス	293	ﾊﾞ		スイス	1983	247	31	2003
	0090003844	2003/07/07	Ｇｅｏｇｒａｐｈｉｅ　Ｅｕｒｏｐａｓ（ヨーロッパ）			ヨーロッパ	293	ﾊﾞ			1991	319	31	2003
	0090003845	2003/07/13	「絶対」の探究		岩波文庫	バルザック／水野　亮．訳	953.56	ﾊﾞ		岩波書店	1986	367	15	2003
	0090003846	2003/07/13	地獄		岩波文庫	ハンリ・バルビュス／田辺　貞之助．訳	953.56	ﾊﾞ		岩波書店	1987	353	15	2003
978-4-167656-44-7	0090003847	2003/07/13	スラムダンクな友情論		文春文庫	斎藤　孝	159	ｻﾀ		文藝春秋	2002	246	15	2003
978-4-101235-05-9	0090003848	2003/07/13	深夜特急　１／香港・マカオ		新潮文庫	沢木　耕太郎	915.6	ｻｺ	1	新潮社	1994	238	15	2003
978-4-101235-06-6	0090003849	2003/07/13	深夜特急　２／マレー半島・シンガポール		新潮文庫	沢木　耕太郎	915.6	ｻｺ	2	新潮社	2001	223	15	2003
978-4-101235-07-3	0090003850	2003/07/13	深夜特急　３／インド・ネパール		新潮文庫	沢木　耕太郎	915.6	ｻｺ	3	新潮社	2000	226	15	2003
978-4-101235-08-0	0090003851	2003/07/13	深夜特急　４／シルクロード		新潮文庫	沢木　耕太郎	915.6	ｻｺ	4	新潮社	1999	204	15	2003
978-4-101235-09-7	0090003852	2003/07/13	深夜特急　５／トルコ・ギリシャ・地中海		新潮文庫	沢木　耕太郎	915.6	ｻｺ	5	新潮社	2000	247	15	2003
978-4-101235-10-3	0090003853	2003/07/13	深夜特急　６／南ヨーロッパ・ロンドン		新潮文庫	沢木　耕太郎	915.6	ｻｺ	6	新潮社	2001	243	15	2003
978-4-107105-86-8	0090003854	2003/07/13	菜の花の沖　〈一〉		文春文庫	司馬　遼太郎	913.6	ｼﾘ	1	文藝春秋	2001	403	15	2003
978-4-107105-87-5	0090003855	2003/07/13	菜の花の沖　〈二〉		文春文庫	司馬　遼太郎	913.6	ｼﾘ	2	文藝春秋	2001	430	15	2003
978-4-107105-88-2	0090003856	2003/07/13	菜の花の沖　〈三〉		文春文庫	司馬　遼太郎	913.6	ｼﾘ	3	文藝春秋	2001	426	15	2003
978-4-107105-89-9	0090003857	2003/07/13	菜の花の沖　〈四〉		文春文庫	司馬　遼太郎	913.6	ｼﾘ	4	文藝春秋	2000	400	15	2003
978-4-107105-90-5	0090003858	2003/07/13	菜の花の沖　〈五〉		文春文庫	司馬　遼太郎	913.6	ｼﾘ	5		2000	421	15	2003
978-4-107105-91-2	0090003859	2003/07/13	菜の花の沖　〈六〉		文春文庫	司馬　遼太郎	913.6	ｼﾘ	6		2000	435	15	2003
978-4-163557-20-5	0090003860	2003/07/13	勝つ日本			石原　慎太郎／田原　総一郎	312.14	ｲｼ		文藝春秋	2001	246	20	2003
978-4-890500-11-6	0090003861	2003/07/13	お父さん戦争のとき何していたの　／ナチスの子どもたち			ペーター・ジィフロフスキー／マサコ・シェーンエック．訳	309.84	ｼﾞ		二期出版	1988	281	19	2003
978-4-480814-19-7	0090003862	2003/07/13	フランスの不思議な町			巌谷　國士	293.5	ｲﾀ		筑摩書房	1998	235	21	2003
	0090003863	2003/07/13	コールユーブンゲン　〈一〉全訳		楽譜	大阪開成館		ｵ		大阪開成館	1986	90	26	2003
	0090003864	2003/07/13	ミリオーネ全世界事典　１／ヨーロッパ㈵		百科事典	学習研究社．編	290.3	ｶﾞ	1	学習研究社	1981	491	31	2003
	0090003865	2003/07/13	日本の古典　４／枕草子／蜻蛉日記		日本の古典　４	世界文化社	914.3	ｽﾂ	4	世界文化社	1975	167	28	2003
978-4-620604-15-2	0090003866	2003/07/13	街道紀行　５／山陰・山陽路			毎日新聞社	291.09	ﾏ	5	毎日新聞社	1991	155	37	2003
978-4-620604-16-9	0090003867	2003/07/13	街道紀行　６／四国・九州路			毎日新聞社	291.09	ﾏ	6	毎日新聞社	1991	155	37	2003
978-4-840224-13-0	0090003869	2003/08/15	シャープ・エッジ　２		電撃文庫	坂入　慎一／凪良．イラスト	913.6	ｻｼ	2	メディアワークス	2003	261	15	2003
978-4-840224-08-6	0090003870	2003/08/15	ダーク・バイオレッツ　４／死者の果実		電撃文庫	三上　延／ＧＡＳＨＩＮ．イラスト	913.6	ﾐｴ	4	メディアワークス	2003	303	15	2003
978-4-829113-04-2	0090003872	2003/08/15	エンジェル・ハウリング　１／獅子序章		富士見ファンタジア文庫	秋田　禎信／椎名　優．イラスト	913.6	ｱﾖ	1	富士見書房	2001	237	15	2003
978-4-829113-40-0	0090003873	2003/08/15	エンジェル・ハウリング　２／戦慄の門		富士見ファンタジア文庫	秋田　禎信／椎名　優．イラスト	913.6	ｱﾖ	2	富士見書房	2002	285	15	2003
978-4-829113-83-7	0090003874	2003/08/15	エンジェル・ハウリング　３／獣の時間		富士見ファンタジア文庫	秋田　禎信／椎名　優．イラスト	913.6	ｱﾖ	3	富士見書房	2001	237	15	2003
978-4-829113-95-0	0090003875	2003/08/15	エンジェル・ハウリング　４／呪う約束		富士見ファンタジア文庫	秋田　禎信／椎名　優．イラスト	913.6	ｱﾖ	4	富士見書房	2002	285	15	2003
978-4-829114-45-2	0090003876	2003/08/15	エンジェル・ハウリング　５／獲物の旅		富士見ファンタジア文庫	秋田　禎信／椎名　優．イラスト	913.6	ｱﾖ	5	富士見書房	2002	333	15	2003
978-4-829114-64-3	0090003877	2003/08/15	エンジェル・ハウリング　６／最強証明		富士見ファンタジア文庫	秋田　禎信／椎名　優．イラスト	913.6	ｱﾖ	6	富士見書房	2002	253	15	2003
978-4-829126-04-2	0090003878	2003/08/15	がんばれ死霊術士　／スレイヤーズすぺしゃる　７		富士見ファンタジア文庫	神坂　一	913.6	ｶﾊ	す7	富士見書房	1996	238	15	2003
978-4-022612-95-3	0090003879	2003/08/15	秋山仁の放課後無宿		朝日文庫	秋山　仁	410	ｱｼﾞ		朝日新聞社	2000	230	15	2003
978-4-022611-35-2	0090003880	2003/08/15	秋山仁の数学渡世		朝日文庫	秋山　仁	410	ｱｼﾞ		朝日新聞社	2000	212	15	2003
978-4-062649-82-7	0090003881	2003/08/15	なんでもない話		講談社文庫	青木　玉	914.6	ｱﾀ		講談社	2000	217	15	2003
978-4-167105-67-9	0090003882	2003/08/15	竜馬がゆく　〈一〉		文春文庫	司馬　遼太郎	913.6	ｼﾘ	1	文藝春秋	2000	446	15	2003
978-4-043448-03-6	0090003883	2003/08/15	にんげんだもの		角川文庫（日めくり文庫）	相田　みつを	914.6	ｱﾐ		角川書店	2001		15	2003
978-4-043448-04-3	0090003884	2003/08/15	ひとりしずか		角川文庫（日めくり文庫）	相田　みつを	914.6	ｱﾐ		角川書店	2001		15	2003
978-4-087831-26-9	0090003885	2003/07/17	沖縄からはじまる			太田　昌秀／池澤　夏樹	312.1	ｵﾏ		集英社	1998	319	20	2003
978-4-043448-05-0	0090003887	2003/07/17	生きていてよかった		角川文庫	相田　みつを	914.6	ｱﾐ		角川書店	1998	190	15	2003
978-4-494027-26-2	0090003888	2003/07/17	魔神の指輪　／シェーラひめのぼうけん		フォア文庫	村山　早紀．作／佐竹　美保．絵	913.6	ﾑｻ	1	童心社	2003	153	18	2003
978-4-494027-29-3	0090003889	2003/07/17	うしなわれた秘宝　／シェーラひめのぼうけん		フォア文庫	村山　早紀．作／佐竹　美保．絵	913.6	ﾑｻ	2	童心社	2003	154	18	2003
978-4-494027-32-3	0090003890	2003/07/17	ダイヤモンドの都　／シェーラひめのぼうけん		フォア文庫	村山　早紀．作／佐竹　美保．絵	913.6	ﾑｻ	3	童心社	2003	158	18	2003
978-4-494027-35-4	0090003891	2003/07/17	海賊船シンドバッド　／シェーラひめのぼうけん		フォア文庫	村山　早紀．作／佐竹　美保．絵	913.6	ﾑｻ	4	童心社	2003	158	18	2003
978-4-494027-44-6	0090003892	2003/07/17	空とぶ城　／シェーラひめのぼうけん		フォア文庫	村山　早紀．作／佐竹　美保．絵	913.6	ﾑｻ	5	童心社	2003	158	18	2003
978-4-494027-47-7	0090003893	2003/07/17	海の王冠　／シェーラひめのぼうけん		フォア文庫	村山　早紀．作／佐竹　美保．絵	913.6	ﾑｻ	6	童心社	2003	156	18	2003
978-4-494027-51-4	0090003894	2003/07/17	ガラスの子馬　／シェーラひめのぼうけん		フォア文庫	村山　早紀．作／佐竹　美保．絵	913.6	ﾑｻ	7	童心社	2003	155	18	2003
978-4-494027-57-6	0090003895	2003/07/17	闇色の竜　／シェーラひめのぼうけん		フォア文庫	村山　早紀．作／佐竹　美保．絵	913.6	ﾑｻ	8	童心社	2003	157	18	2003
978-4-494027-59-0	0090003896	2003/07/17	魔法の杖　／シェーラひめのぼうけん		フォア文庫	村山　早紀．作／佐竹　美保．絵	913.6	ﾑｻ	9	童心社	2003	157	18	2003
978-4-494027-62-0	0090003897	2003/07/17	最後の戦い　／シェーラひめのぼうけん		フォア文庫	村山　早紀．作／佐竹　美保．絵	913.6	ﾑｻ	10	童心社	2002	157	18	2003
978-4-840213-88-2	0090003900	2003/07/25	猫の地球儀　／焔の章		電撃文庫	秋山　瑞人	913.6	ｱﾐ	1	メディアワークス	2002	251	15	2003
978-4-840214-87-2	0090003901	2003/07/25	猫の地球儀　／幽の章		電撃文庫	秋山　瑞人	913.6	ｱﾐ	2	メディアワークス	2002	259	15	2003
978-4-313750-24-1	0090003902	2003/07/25	沖田総司　〈下〉／六月は真紅の薔薇		人物文庫	三好　徹	913.6	ﾐﾄ	下	学陽書房	2002	390	15	2003
	0090003903	2003/07/25	国連大学考			平野　三郎	319.9	ﾋｻ	下	岐阜日日新聞社	1972	155	18	2003
	0090003904	2003/07/25	日本国憲法　／和英完全対照条文付			自由国民社	323.1	ｼﾞ		自由国民社	2000	127	19	2003
	0090003905	2003/07/25	Ａｃｔ　Ａｇａｉｎｓｔ　ＡＩＤＳ		パンフ	アミューズ	338.03	ﾆﾖ		アミューズ	1997	51	19	2003
	0090003906	2003/07/25	先達に聞く　／チェーンストアのポテンシャルと歴史的革命			日本チェーンストア協会	336.738	ﾆ		日本チェーンストア協会	1998	279	19	2003
978-4-534024-10-7	0090003907	2003/07/25	入門の入門　／生命保険のしくみ			畠中　雅子／小川　千尋．著	339.4	ﾊﾏ		日本実業出版社	1995	173	21	2003
	0090003909	2003/07/25	マスコミ学がわかる。　／ＡＥＲＡ　Ｍｏｏｋ２		雑誌・別冊	朝日新聞社	361.45	ｱ		朝日新聞社	1994	200	26	2003
978-4-101339-20-7	0090003913	2003/08/02	すみれの花の砂糖づけ		新潮文庫	江國　香織	911.56	ｴｶ		新潮社	2002	177	15	2003
978-4-101339-15-3	0090003914	2003/08/02	流しのしたの骨		新潮文庫	江國　香織	913.6	ｴｶ		新潮社	1999	310	15	2003
978-4-101339-12-2	0090003915	2003/08/02	こうばしい日々		新潮文庫	江國　香織	913.6	ｴｶ		新潮社	2003	177	15	2003
978-4-101339-14-6	0090003916	2003/08/02	ホリー・ガーデン		新潮文庫	江國　香織	913.6	ｴｶ		新潮社	2003	327	15	2003
978-4-101339-13-9	0090003917	2003/08/02	つめたいよるに		新潮文庫	江國　香織	913.6	ｴｶ		新潮社	2003	209	15	2003
978-4-043480-03-6	0090003918	2003/08/02	冷静と情熱のあいだ		角川文庫	江國　香織	913.6	ｴｶ		角川書店	2002	275	15	2003
978-4-043480-02-9	0090003919	2003/08/02	泣かない子供		角川文庫	江國　香織	914.6	ｴｶ		角川書店	2002	221	15	2003
978-4-167631-02-4	0090003920	2003/08/02	溺レる		文春文庫	川上　弘美	913.6	ｶﾋ		文藝春秋	2003	205	15	2003
978-4-101292-32-8	0090003921	2003/08/02	おめでとう		新潮文庫	川上　弘美	913.6	ｶﾋ		文藝春秋	2003	213	15	2003
978-4-167561-02-4	0090003922	2003/08/02	南の島のティオ		文春文庫	池澤　夏樹	913.6	ｲﾅ		文藝春秋	2002	238	15	2003
978-4-167561-05-5	0090003923	2003/08/02	タマリンドの木		文春文庫	池澤　夏樹	913.6	ｲﾅ		文藝春秋	1999	221	15	2003
978-4-167561-04-8	0090003924	2003/08/02	骨は珊瑚、眼は真珠		文春文庫	池澤　夏樹	913.6	ｲﾅ		文藝春秋	1998	254	15	2003
978-4-122018-59-4	0090003925	2003/08/02	スティル・ライフ		中公文庫	池澤　夏樹	913.6	ｲﾅ		中央公論社	2003	212	15	2003
978-4-122017-12-2	0090003926	2003/08/02	夏の朝の成層圏		中公文庫	池澤　夏樹	913.6	ｲﾅ		中央公論社	2003	255	15	2003
978-4-122020-36-8	0090003927	2003/08/02	真昼のプリニウス		中公文庫	池澤　夏樹	913.6	ｲﾅ		中央公論社	2002	265	15	2003
978-4-022640-42-0	0090003928	2003/08/02	エデンを遠く離れて		朝日文庫	池澤　夏樹	914.6	ｲﾅ		朝日新聞社	1994	237	15	2003
978-4-122038-09-7	0090003929	2003/08/02	ジョン・レノン　ラスト・インタビュー		中公文庫	ジョン・レノン／オノ・ヨーコ／アンディー・ピーブルズ／池澤　夏樹．訳	936	ﾚ		中央公論社	2001	179	15	2003
978-4-101318-18-9	0090003930	2003/08/02	明るい旅情		新潮文庫	池澤　夏樹	915.6	ｲﾅ		新潮社	2001	246	15	2003
978-4-101318-17-2	0090003931	2003/08/02	ハワイイ紀行　【完全版】		新潮文庫	池澤　夏樹	915.6	ｲﾅ		新潮社	2000	558	15	2003
978-4-101318-11-0	0090003932	2003/08/02	バビロンに行きて歌え		新潮文庫	池澤　夏樹	913.6	ｲﾅ		新潮社	2002	295	15	2003
978-4-073059-46-2	0090003933	2003/08/02	新フォーチュン・クエスト　／リプレイ１／霧の谷のキノコ		電撃文庫	深沢　美潮／はせがわ　みやび	913.6	ﾌﾐ	ﾘ1	メディアワークス	1997	255	15	2003
978-4-073075-14-1	0090003934	2003/08/02	新フォーチュン・クエスト　／リプレイ２／鐘の音の響くとき		電撃文庫	深沢　美潮／はせがわ　みやび	913.6	ﾌﾐ	ﾘ2	メディアワークス	1997	240	15	2003
978-4-876994-64-9	0090003935	2003/08/02	高校生が考えた「居住福祉」			早川　和男／一番ヶ瀬　康子／土山　秀夫／ブライアン・バークガフニ／長崎総合科学大学建築学科	369	ﾅ		クリエイツかもがわ	2000	85	19	2003
978-4-875552-94-9	0090003936	2003/08/02	おばあちゃんの介護保険			石田　光広．企画構成／岡野　克哉．画	367.7	ｲﾐ		公人の友社	2000	30	26	2003
978-4-773332-96-4	0090003937	2003/08/15	アメリカ禁煙革命			花井　喜六	369.8	ﾊｷ		近代文藝社	1995	200	20	2003
	0090003938	2003/08/15	教育学のすすめ		学問のすすめ　１３	斎藤　喜博	370.7	ｻｷ	13	筑摩書房	1984	274	20	2003
978-4-106005-60-2	0090003939	2003/08/15	秘伝・中学入試国語読解法		新潮選書	石原　千秋	376.8	ｲﾁ		新潮社	1999	410	19	2003
978-4-337476-08-0	0090003940	2003/08/15	法律をつくった高校生			樋渡　直哉	376.4	ﾋﾅ		国土社	1993	150	21	2003
	0090003941	2003/08/15	定本　柳田國男集　〈別巻５〉		全集	柳田　國男	380.8	ﾔｸ	別5	筑摩書房	1980	661	23	2003
978-4-140805-59-6	0090003942	2003/08/15	週刊こどもニュース　［２０００年版］			週刊こどもニュース・フロジェクト．編	379	ｴ	2000	日本放送出版協会	2000	158	17	2003
978-4-000093-03-3	0090003943	2003/08/15	平和を創る発想法　／紛争から和解へ		岩波ブックレット６０３	ヨハン・ガルトゥング／京都−ＹＷＣＡほーぽのぽのの会	319.8	ｶﾞ	603	岩波書店	2003	55	21	2003
978-4-000093-02-6	0090003944	2003/08/15	ルソン島・戦場の記録　／たたかいと飢えの中を生きて		岩波ブックレット６０２	沢田　猛	210.75	ｻﾀ	602	岩波書店	2003	62	21	2003
978-4-879740-04-5	0090003945	2003/08/15	わたしの性ってなんだろう　／もっとステキに恋をしようよ		ウイメンズブックスブックレット　７	深江　誠子	375.49	ﾌﾏ		松香堂書店	2000	127	21	2003
	0090003946	2003/08/15	岐阜県の教育　［平成６年度版］			岐阜県教育委員会	373	ｷﾞ		岐阜県	1994	476	21	2003
	0090003949	2003/08/15	名古屋大学／研究者のプロフィール			名古屋大学事業局庶務課	377	ﾅ		名古屋大学	1993	634	30	2003
978-4-344400-06-1	0090003951	2003/08/15	いとしい		幻冬舎文庫	川上　弘美	913.6	ｶﾋ		幻冬舎	2003	258	15	2003
978-4-087488-61-6	0090003952	2003/08/15	きみのためにできること		集英社文庫	村山　由佳	913.6	ﾑﾕ		集英社	2003	278	15	2003
978-4-087475-86-9	0090003953	2003/08/15	緑の午後　／おいしいコーヒーのいれ方㈸		集英社文庫	村山　由佳	913.6	ﾑﾕ	5	集英社	2003	217	15	2003
978-4-087475-08-1	0090003954	2003/08/15	雪の降る音　／おいしいコーヒーのいれ方㈿		集英社文庫	村山　由佳	913.6	ﾑﾕ	4	集英社	2003	213	15	2003
978-4-840224-32-1	0090003955	2003/08/15	悪魔のミカタ　１０　／Ｉｔ　スタンドバイ		電撃文庫	うえお　久光	913.6	ｳﾋ	10	メディアワークス	2003	351	15	2003
978-4-829126-32-5	0090003956	2003/08/15	天高く、雲は流れ　１		富士見ファンタジア文庫	冴木　忍	913.6	ｻｼ	1	富士見書房	1996	278	15	2003
978-4-829126-54-7	0090003957	2003/08/15	天高く、雲は流れ　２		富士見ファンタジア文庫	冴木　忍	913.6	ｻｼ	2	富士見書房	1999	254	15	2003
978-4-829127-08-7	0090003958	2003/08/15	天高く、雲は流れ　３		富士見ファンタジア文庫	冴木　忍	913.6	ｻｼ	3	富士見書房	1996	242	15	2003
978-4-829127-92-6	0090003959	2003/08/15	天高く、雲は流れ　４		富士見ファンタジア文庫	冴木　忍	913.6	ｻｼ	4	富士見書房	2000	251	15	2003
978-4-829128-23-7	0090003960	2003/08/15	天高く、雲は流れ　５		富士見ファンタジア文庫	冴木　忍	913.6	ｻｼ	5	富士見書房	1998	250	15	2003
978-4-829128-49-7	0090003961	2003/08/15	天高く、雲は流れ　６		富士見ファンタジア文庫	冴木　忍	913.6	ｻｼ	6	富士見書房	1998	262	15	2003
978-4-829128-82-4	0090003962	2003/08/15	天高く、雲は流れ　７		富士見ファンタジア文庫	冴木　忍	913.6	ｻｼ	7	富士見書房	1998	265	15	2003
978-4-829129-05-0	0090003963	2003/08/15	天高く、雲は流れ　８		富士見ファンタジア文庫	冴木　忍	913.6	ｻｼ	8	富士見書房	1999	272	15	2003
978-4-829129-78-4	0090003964	2003/08/15	天高く、雲は流れ　９		富士見ファンタジア文庫	冴木　忍	913.6	ｻｼ	9	富士見書房	2000	252	15	2003
978-4-829113-33-2	0090003965	2003/08/15	天高く、雲は流れ　１０		富士見ファンタジア文庫	冴木　忍	913.6	ｻｼ	10	富士見書房	2001	262	15	2003
978-4-829113-78-3	0090003966	2003/08/15	天高く、雲は流れ　１１		富士見ファンタジア文庫	冴木　忍	913.6	ｻｼ	11	富士見書房	2001	253	15	2003
978-4-829114-53-7	0090003967	2003/08/15	天高く、雲は流れ　１２		富士見ファンタジア文庫	冴木　忍	913.6	ｻｼ	12	富士見書房	2002	273	15	2003
978-4-829114-93-3	0090003968	2003/08/15	天高く、雲は流れ　１３		富士見ファンタジア文庫	冴木　忍	913.6	ｻｼ	13	富士見書房	2002	252	15	2003
978-4-101339-19-1	0090003969	2003/08/15	神様のボート		新潮文庫	江國　香織	913.6	ｴｶ		新潮社	2003	286	15	2003
978-4-167545-04-8	0090003970	2003/08/15	医学生		文春文庫	南木　佳士	913.6	ﾅｹ		文藝春秋	2002	243	15	2003
978-4-167169-37-4	0090003971	2003/08/15	月下美人		文春文庫	吉村　昭	913.6	ﾖｱ		文藝春秋	2001	239	15	2003
978-4-167546-04-5	0090003972	2003/08/15	受け月		文春文庫	伊集院　静	913.6	ｲｼ		文藝春秋	2003	293	15	2003
978-4-167523-08-4	0090003973	2003/08/15	犬のいる暮らし　【増補版】		文春文庫	中野　孝次	914.6	ﾅｺ		文藝春秋	2002	265	15	2003
978-4-087475-72-2	0090003974	2003/08/15	虹の谷の五月　〈上〉		集英社文庫	船戸　与一	913.6	ﾌﾖ	上	集英社	2003	462	15	2003
978-4-087475-73-9	0090003975	2003/08/16	虹の谷の五月　〈下〉		集英社文庫	船戸　与一	913.6	ﾌﾖ	下	集英社	2003	476	15	2003
978-4-062561-97-6	0090003976	2003/08/16	トイレで笑える雑学の本		講談社α文庫	プランニングＯＭ．編	049.6	ﾌﾟ		講談社	1999	292	15	2003
978-4-062635-07-3	0090003977	2003/08/16	むかし僕が死んだ家		講談社文庫	東野　圭吾	913.6	ﾋｹ		講談社	2003	313	15	2003
978-4-061852-85-3	0090003978	2003/08/16	捨て童子・松平忠輝　〈上〉		講談社文庫	隆　慶一郎	913.6	ﾘｹ	上	講談社	2003	345	15	2003
978-4-061852-86-0	0090003979	2003/08/16	捨て童子・松平忠輝　〈中〉		講談社文庫	隆　慶一郎	913.6	ﾘｹ	中	講談社	2003	357	15	2003
978-4-061853-21-8	0090003980	2003/08/16	捨て童子・松平忠輝　〈下〉		講談社文庫	隆　慶一郎	913.6	ﾘｹ	下	講談社	2001	331	15	2003
978-4-122042-12-4	0090003981	2003/08/16	みんな山が大好きだった		中公文庫	山際　淳司	916	ﾔｼﾞ		中央公論社	2003	280	15	2003
978-4-041497-10-4	0090003982	2003/08/16	死者の学園祭		角川文庫	赤川　次郎	913.6	ｱｼﾞ		角川書店	2000	246	15	2003
978-4-309462-30-1	0090003983	2003/08/16	西瓜糖の日々		河出文庫	Ｒ・ブローティガン／藤本　和子．訳	933	ﾌﾞ		河出書房新社	2003	209	15	2003
978-4-887470-20-0	0090003984	2003/08/16	天は人の上に人をつくらず		童話屋文庫	安野　光雅	113.3	ｱﾐ		童話屋	2001	78	15	2003
978-4-837908-03-6	0090003986	2003/08/16	孫子の兵法がわかる本		知的生きかた文庫	守屋　均	399.23	ﾓﾋ		三笠書房	2003	248	15	2003
978-4-000093-05-7	0090003987	2003/09/08	「イラク」後の世界と日本　／いま考えるべきこと、言うべきこと		岩波ブックレット　６０５	姜　尚中／きくち　ゆみ／田嶋　泰彦／渡辺　治	319	ｶ	605	岩波書店	2003	71	21	2003
978-4-000093-04-0	0090003988	2003/09/08	ネット上に学びの場を創る　／情報共有が市民社会にもたらすもの		岩波ブックレット　６０４	新井　紀子	007.5	ｱﾉ	604	岩波書店	2003	63	21	2003
	0090003989	2003/09/08	環境新時代の宇宙・地球アトラス		イミダス附録	集英社	440	ｲ		集英社	1992	129	26	2003
	0090003990	2003/09/08	半田　山車祭り			半田市／半田山車祭り実行委員会．編	386	ﾊ		半田市	1999	72	22	2003
978-4-837307-05-1	0090003992	2003/09/08	世界の服飾　２／続・民族衣装			Ａ・ラシネ．著／石山　彰．監修	383.1	ﾗ	2	マール社	1990	139	26	2003
978-4-314005-53-1	0090003993	2003/09/08	シンデレラ　／９世紀の中国から現代のディズニーまで			アラン・ダンダス．編／池上　嘉彦／山崎　和恕／三宮　郁子．訳	388	ﾀﾞ		紀伊國屋書店	1991	390	20	2003
	0090003994	2003/09/08	全国昔話資料集成　２０／武蔵川越昔話集（埼玉）		全国昔話資料集成２０	鈴木　棠三．編	388	ｽﾄ	20	岩崎美術社	1975	313	20	2003
978-4-489003-68-4	0090003995	2003/09/08	計算トレーニング			三塚　泰平	410.7	ﾐﾔ		東京図書	1991	175	19	2003
978-4-480041-90-6	0090003996	2003/09/08	人はなぜ道に迷うか		ちくまプリマーブックス　９０	山口　裕一	448.9	ﾔﾕ		筑摩書房	1995	202	19	2003
978-4-794203-79-3	0090003997	2003/09/08	楽しい鉱物学　／基礎知識から鑑定まで			堀　秀道	459	ﾎﾋ		草思社	1990	301	20	2003
978-4-309250-74-8	0090003998	2003/09/08	オウムガイの謎			ピーター・Ｄ・ウォーズ／小畠　郁生．監訳	457	ｳ		河出書房新社	1995	320	20	2003
	0090003999	2003/09/08	スパイス・ロード　／香辛料の冒険者たち			山崎　峯次郎	383.8	ﾔﾐ		講談社	1975	254	19	2003
978-4-840219-50-1	0090004000	2003/09/12	新フォーチュン・クエスト外伝　㈵／パステルの旅立ち		電撃文庫	深沢　深雪	913.6	ﾌﾐ	新外1	メディアワークス	2001	261	15	2003
978-4-840219-51-8	0090004001	2003/09/12	新フォーチュン・クエスト外伝　㈼／パステル、予備校に通う		電撃文庫	深沢　深雪	913.6	ﾌﾐ	新外2	メディアワークス	2001	237	15	2003
978-4-044184-05-6	0090004003	2003/09/12	トリニティ・ブラッド　／熱砂の天使		角川スニーカー文庫	吉田　直	913.6	ﾖｽ	2	角川書店	2003	318	15	2003
978-4-044184-07-0	0090004004	2003/09/12	トリニティ・ブラッド　／夜の女皇		角川スニーカー文庫	吉田　直	913.6	ﾖｽ	3	角川書店	2003	350	15	2003
978-4-044184-09-4	0090004005	2003/09/12	トリニティ・ブラッド　／聖女の烙印		角川スニーカー文庫	吉田　直	913.6	ﾖｽ	4	角川書店	2003	350	15	2003
978-4-488593-03-2	0090004006	2003/10/05	シャドウランド　〈上〉		創元推理文庫	ピーター・ストラウブ／大瀧　啓裕．訳	933	ｽ	上	創元社	2002	367	16	2003
978-4-488593-04-9	0090004007	2003/10/05	シャドウランド　〈下〉		創元推理文庫	ピーター・ストラウブ／大瀧　啓裕．訳	933	ｽ	下	創元社	2002	378	16	2003
978-4-199050-02-2	0090004008	2003/10/05	ぼくらは虚空に夜を視る		徳間デュアル文庫	上遠野　浩平	913.6	ｶｺ		徳間書店	2000	289	16	2003
978-4-876995-06-6	0090004011	2003/10/05	高校生が考えた「地域と環境」			池田　武邦．他編	519	ﾅ		クリエイツかもがわ	2000	93	19	2003
	0090004012	2003/10/05	手当ての航跡　／医学史講義		レクチュアーブックス	中川　米造／星　新一	490.4	ﾅﾖ		朝日出版社	1980	245	19	2003
978-4-900622-04-3	0090004014	2003/10/05	プルトニウム			鈴木　篤之．編	501.6	ｽｱ		ＥＲＣ出版	1994	227	19	2003
978-4-480051-67-7	0090004016	2003/10/05	救急医療		ちくまライブラリー　６７	大塚　敏文	494.27	ｵﾄ		筑摩書房	1991	208	19	2003
978-4-896670-63-9	0090004017	2003/10/05	１日だけのナイチンゲール　／４３人の看護婦体験記／〈ことば〉篇			立花　隆／干刈　あがた／立松　和平／千倉　真理．他著	498.14	ﾀﾀ		弓立社	1990	221	20	2003
978-4-062066-80-8	0090004018	2003/10/05	大学病院の掟　／小児科医の見たア然ボウ然事情			柳瀬　義男	498.16	ﾔﾖ		講談社	1993	241	20	2003
978-4-794209-08-5	0090004019	2003/10/05	脳死　／ドナーカードを書く前に読む本			水谷　弘	490.15	ﾐﾋ		草思社	1999	175	20	2003
978-4-490103-09-0	0090004020	2003/10/05	日本史のなかの動物事典			金子　浩昌／小西　正泰．他共著	480.3	ｶﾋ		東京堂出版	1993	266	20	2003
978-4-794959-02-7	0090004021	2003/10/05	アニマル・ウォッチング　／日本の野生動物			安間　繁樹	480	ﾔｼ		晶文社	1994	297	20	2003
978-4-000093-07-1	0090004022	2003/10/06	中東情勢のいまを読む		岩波ブックレット６０７	宮田　律	319	ﾐｵ		岩波書店	2003	71	21	2003
978-4-000093-06-4	0090004023	2003/10/06	ＳＡＲＳは何を警告しているのか		岩波ブックレット６０６	竹田　美文／岡部　信彦	493.8	ﾀﾖ		岩波書店	2003	55	21	2003
978-4-890730-64-3	0090004024	2003/10/06	新・放射線の人体への影響			日本保健物理学会／日本アイソトープ協会．編	492.4	ﾆ		丸善	1993	81	21	2003
	0090004025	2003/10/06	岐阜の輝く名工		パンフレット	岐阜県	502.8	ｷﾞ		岐阜県		120	21	2003
	0090004026	2003/10/06	人体アトラス／６０兆の細胞がつくるからだの地図帳		イミダス附録	集英社	491.1	ｼ		集英社	1991	106	26	2003
978-4-022740-58-8	0090004027	2003/10/06	動物学がわかる。　／「学問がわかる。」シリーズ１８		ＡＥＲＡ　Ｍｏｏｋ　１８	朝日新聞社	480	ｱ	18	朝日新聞社	1997	191	26	2003
978-4-885552-20-5	0090004028	2003/10/06	講座・現代エネルギー・環境論			エネルギー教育研究会．編	501.6	ｴ		電力新報社	1997	157	26	2003
978-4-805003-58-9	0090004030	2003/10/06	エコマーク・商品カタログ　【２０００年版】			日本環境協会．監修	519	ｻﾞ		チクマ秀版社	1999	200	30	2003
978-4-167192-18-1	0090004031	2003/10/13	海鳴り　〈上〉		文春文庫	藤沢　周平	913.6	ﾌｼ	上	文藝春秋	2001	315	15	2003
978-4-101152-08-0	0090004032	2003/10/13	燃えよ剣　〈上〉		新潮文庫	司馬　遼太郎	913.6	ｼﾘ	上	新潮社	2003	495	15	2003
978-4-101152-09-7	0090004033	2003/10/13	燃えよ剣　〈下〉		新潮文庫	司馬　遼太郎	913.6	ｼﾘ	下	新潮社	2002	477	15	2003
978-4-840224-40-6	0090004034	2003/10/13	時空のクロス・ロード　／〈最終譚〉一番列車は朝焼けに		電撃文庫	鷹見　一幸／あんみつ草．イラスト	913.6	ﾀｶ		メディアワークス	2003	334	15	2003
978-4-101308-32-6	0090004035	2003/10/13	三人寄れば虫の知恵		新潮文庫	養老　孟司／奥本　大三郎／池田　清彦	483	ﾖﾀ		新潮社	2001	302	15	2003
978-4-819105-90-3	0090004036	2003/10/15	世界のロケット			五代　富文	538.68	ｺﾄ		日本工業新聞社	1988	185	19	2003
978-4-093894-51-7	0090004037	2003/10/15	マンハッタン計画　／プルトニウム人体実験			アルバカーキー・トリビューン．編／広瀬　隆．訳・解説	539.45	ﾄ		小学館	1995	366	19	2003
978-4-593535-05-7	0090004038	2003/10/13	徹底討論・原発、是か非か　／ディベートでわかる原発の過去・現在・未来		ほるぷ１５０ブックス	杉浦　正和	543.5	ｽﾏ		ほるぷ出版	1992	182	21	2003
978-4-897300-26-9	0090004039	2003/10/13	電断　／快適社会の落とし穴			田中　洋之助．監修／飯高　季雄．著	501.6	ﾀﾖ		ライフ社	1994	101	21	2003
978-4-876994-61-8	0090004040	2003/10/14	ハウステンボス・エコシティへの挑戦		かもがわブックレット　１２７	池田　武邦	519	ﾅ		かもがわ出版	1999	63	21	2003
978-4-890730-06-3	0090004041	2003/10/13	やさしい・放射線とアイソトープ　【改訂版】			日本アイソトープ協会	539.18	ﾆ		日本アイソトープ協会	1996	125	21	2003
	0090004042	2003/10/13	デ・レーケとその業績			建設省中部地方建設局木曽川下流工事事務所	517.5	ｹ		建設省中部地方建設局木曽川下流工事事務所	1987	233	27	2003
978-4-938894-27-6	0090004043	2003/10/13	リビングデザイン　９／ロボットと暮らす日常生活		雑誌	リビング・デザインセンター．編	548.3	ﾘ	9	リビング・デザインセンター	2000	93	29	2003
978-4-277461-91-7	0090004045	2003/10/13	オーブンで焼く・かんたん陶芸　／はじめましてシリーズ　８			雄鶏社	594	ｵ	8	雄鶏社	1998	32	21	2003
978-4-277471-46-6	0090004046	2003/10/13	楽しいダンボールクラフト　／はじめましてシリーズ　９			雄鶏社	594	ｵ	9	雄鶏社	1998	32	25	2003
978-4-277471-34-3	0090004047	2003/10/13	ワイヤー雑貨／バスケットからアクセサリーまで　／はじめましてシリーズ　６			雄鶏社	594	ｵ	6	雄鶏社	1998	32	25	2003
978-4-277411-38-7	0090004048	2003/10/13	切らずに作る・ハンカチ手芸　／はじめましてシリーズ　１			雄鶏社	594	ｵ	1	雄鶏社	1998	32	25	2003
978-4-277112-65-9	0090004057	2003/10/14	手編みで過ごす・ふたりのニットダイアリー			雄鶏社	594.3	ｵ		雄鶏社	1995	90	26	2003
978-4-262156-43-9	0090004058	2003/10/15	スカーフ　／結び方ハンドブック			池田書店．編	593.8	ｲ		池田書店	1995	135	17	2003
978-4-344404-17-5	0090004059	2003/10/15	不倫と南米		幻冬舎文庫	吉本　ばなな	913.6	ﾖﾊﾞ		幻冬舎	2003	223	15	2003
978-4-167528-01-0	0090004060	2003/10/15	陰陽師		文春文庫	夢枕　貘	913.6	ﾕﾊﾞ	1	文藝春秋	2002	333	15	2003
978-4-167528-04-1	0090004061	2003/10/15	陰陽師　／飛天ノ巻		文春文庫	夢枕　貘	913.6	ﾕﾊﾞ	2	文藝春秋	2000	292	15	2003
978-4-167528-05-8	0090004062	2003/10/15	陰陽師　／付喪神ノ巻		文春文庫	夢枕　貘	913.6	ﾕﾊﾞ	3	文藝春秋	2001	348	15	2003
978-4-167528-07-2	0090004063	2003/10/15	陰陽師　／鳳凰ノ巻		文春文庫	夢枕　貘	913.6	ﾕﾊﾞ	4	文藝春秋	2002	271	15	2003
978-4-167528-09-6	0090004064	2003/10/15	陰陽師　／生成り姫		文春文庫	夢枕　貘	913.6	ﾕﾊﾞ	5	文藝春秋	2003	389	15	2003
978-4-044253-02-8	0090004066	2003/10/15	きみにしか聞こえない		角川スニーカー文庫	乙　一	913.6	ｵｲ		角川書店	2004	201	15	2003
978-4-044253-01-1	0090004067	2003/10/15	失踪ＨＯＬＩ　ＤＡＹ（しっそうホリデイ）		角川スニーカー文庫	乙　一	913.6	ｵｲ		角川書店	2004	235	15	2003
978-4-061822-50-4	0090004068	2003/10/27	クビシメロマンチスト　／人間失格・零崎人識		講談社ノベルス	西尾　維新	913.6	ﾆｲ		講談社	2002	381	18	2003
978-4-840219-97-6	0090004069	2003/10/27	リバーズ・エンド		電撃文庫	橋本　紡／高野　音彦．イラスト	913.6	ﾊﾂ	1	メディアワークス	2003	271	15	2003
978-4-840220-96-5	0090004070	2003/10/27	リバーズ・エンド　２		電撃文庫	橋本　紡／高野　音彦．イラスト	913.6	ﾊﾂ	2	メディアワークス	2003	321	15	2003
978-4-840221-75-7	0090004071	2003/10/27	リバーズ・エンド　３		電撃文庫	橋本　紡／高野　音彦．イラスト	913.6	ﾊﾂ	3	メディアワークス	2003	281	15	2003
978-4-840222-72-3	0090004072	2003/10/27	リバーズ・エンド　４		電撃文庫	橋本　紡／高野　音彦．イラスト	913.6	ﾊﾂ	4	メディアワークス	2003	267	15	2003
978-4-840219-44-0	0090004073	2003/10/27	イリヤの空、ＵＦＯの夏　〈その１〉		電撃文庫	秋山　瑞人／駒都　えーじ．イラスト	913.6	ｱﾐ	1	メディアワークス	2003	304	15	2003
978-4-840219-73-0	0090004074	2003/10/27	イリヤの空、ＵＦＯの夏　〈その２〉		電撃文庫	秋山　瑞人／駒都　えーじ．イラスト	913.6	ｱﾐ	2	メディアワークス	2002	321	15	2003
978-4-840221-73-3	0090004075	2003/10/27	イリヤの空、ＵＦＯの夏　〈その３〉		電撃文庫	秋山　瑞人／駒都　えーじ．イラスト	913.6	ｱﾐ	3	メディアワークス	2003	313	15	2003
978-4-840224-31-4	0090004076	2003/10/27	イリヤの空、ＵＦＯの夏　〈その４〉		電撃文庫	秋山　瑞人／駒都　えーじ．イラスト	913.6	ｱﾐ	4	メディアワークス	2003	333	15	2003
978-4-840214-17-9	0090004077	2003/10/27	ダブルブリッド		電撃文庫	中村　恵里加	913.6	ﾅｴ	1	メディアワークス	2003	288	15	2003
978-4-840214-90-2	0090004078	2003/10/27	ダブルブリッド　㈼		電撃文庫	中村　恵里加	913.6	ﾅｴ	2	メディアワークス	2003	310	15	2003
978-4-840215-86-2	0090004079	2003/10/27	ダブルブリッド　㈽		電撃文庫	中村　恵里加	913.6	ﾅｴ	3	メディアワークス	2001	256	15	2003
978-4-840216-83-8	0090004080	2003/10/27	ダブルブリッド　㈿		電撃文庫	中村　恵里加	913.6	ﾅｴ	4	メディアワークス	2003	307	15	2003
978-4-840218-69-6	0090004081	2003/10/27	ダブルブリッド　Y		電撃文庫	中村　恵里加	913.6	ﾅｴ	6	メディアワークス	2003	297	15	2003
978-4-840219-95-2	0090004082	2003/10/27	ダブルブリッド　Z		電撃文庫	中村　恵里加	913.6	ﾅｴ	7	メディアワークス	2003	299	15	2003
978-4-840222-74-7	0090004083	2003/10/27	ダブルブリッド　[		電撃文庫	中村　恵里加	913.6	ﾅｴ	8	メディアワークス	2003	237	15	2003
978-4-840217-38-5	0090004084	2003/10/27	ダブルブリッド　㈸		電撃文庫	中村　恵里加	913.6	ﾅｴ	8	メディアワークス	2002	320	15	2003
978-4-905943-02-0	0090004085	2003/10/27	仰天珍道具事典　ＰＡＲＴ　２／ほとんど実用にならない暮しの道具		カタロク゜ハウスの本	日本珍道具学会．編	675.1	ﾆ		カタログハウス	1992	203	19	2003
978-4-794209-55-9	0090004086	2003/10/27	東京から農業が消えた日			薄井　清	610.4	ｳｷ		草思社	2000	262	20	2003
978-4-062058-94-0	0090004087	2003/10/27	森に訊け　／海外編			橋本　克彦	654.4	ﾊｶ		講談社	1992	299	20	2003
	0090004088	2003/10/27	革手芸　／基礎技法と応用			川合　京子	755.5	ｶｷ		主婦の友社	1977	184	27	2003
978-4-841605-91-4	0090004089	2003/10/27	タバコとわたしたちの環境　／世界はいま・・・・　生活環境編			ジュディス・コンドン／藤生　良博．監訳	617.5	ｺ		佑学社	1990	31	27	2003
978-4-000093-08-8	0090004090	2003/11/01	異議あり！　公務員制度改革　／官僚支配を超えて		岩波ブックレット　６０８	新藤　宗幸　	317.3	ｼﾑ	608	岩波書店	2003	55	21	2003
978-4-000093-09-5	0090004091	2003/11/01	韓国と出会う本　／暮らし、社会、歴史を知るブックガイド		岩波ブックレット　６０９	石坂　浩一　	221.07	ｲｺ	609	岩波書店	2003	72	21	2003
978-4-840224-04-8	0090004092	2003/11/01	リバーズ・エンド　５		電撃文庫	橋本　紡／高野　音彦．イラスト　	913.6	ﾊﾂ	5	メディアワークス	2003	295	15	2003
978-4-044184-11-7	0090004094	2003/11/01	トリニティ・ブラッド　／リボーン・オン・ザ・マルス５／薔薇の玉座		角川スニーカー文庫	吉田　直	913.6	ﾖｽ	5	角川書店	2003	348	15	2003
978-4-087475-90-6	0090004096	2003/11/01	平面いぬ。		集英社文庫	乙　一	913.6	ｵｲ		集英社	2003	345	15	2003
978-4-840224-85-7	0090004098	2003/11/10	Ｍｉｓｓｉｎｇ　９／座敷童の物語		電撃文庫	甲田　学人	913.6	ｺｶﾞ		メディアワークス	2003	221	15	2003
978-4-022614-26-1	0090004100	2003/11/10	陰陽師・徹底解剖　／陰陽夜話・安倍晴明の世界		朝日文庫	夢枕　貘．編	148.4	ﾕﾊﾞ		朝日新聞社	2003	245	15	2003
978-4-167528-10-2	0090004101	2003/11/10	『陰陽師』読本　／平安の闇に、ようこそ		文春文庫	夢枕　貘．編	913.6	ﾕﾊﾞ		文藝春秋	2003	290	15	2003
978-4-840224-92-5	0090004102	2003/11/10	ダーク・バイオレッツ　５／針の小箱		電撃文庫	三上　延	913.6	ﾐｴ		メディアワークス	2003	295	15	2003
	0090004103	2003/11/10	日本の詩　／大手拓次		日本の詩	ほるぷ出版．編／大手　拓次	911.5	ｲｼ		ほるぷ出版	1975	416	20	2003
	0090004104	2003/11/10	日本の詩　／八木重吉		日本の詩	ほるぷ出版．編／八木　重吉	911.5	ｲｼ		ほるぷ出版	1975	432	20	2003
	0090004105	2003/11/10	日本の詩　／堀口　大學		日本の詩	ほるぷ出版．編／堀口　大學	911.5	ｲｼ		ほるぷ出版	1975	458	20	2003
	0090004106	2003/11/10	日本の詩　／西脇順三郎		日本の詩	ほるぷ出版．編／西脇　順三郎	911.5	ｲｼ		ほるぷ出版	1975	450	20	2003
	0090004107	2003/11/10	日本の詩　／萩原朔太郎		日本の詩	ほるぷ出版．編／萩原　朔太郎	911.5	ｲｼ		ほるぷ出版	1975	410	20	2003
	0090004110	2003/11/11	ことばの知恵袋　／とっさの教養便利帳			朝日新聞社．編	810	ｱ		朝日新聞社	2004	258	19	2003
978-4-401142-23-1	0090004112	2003/11/11	ビートルズ　／ロック・ギター教室			シンコー・ミュージック	763.55	ｼ		シンコー・ミュージック	1996	95	23	2003
978-4-876995-14-1	0090004113	2003/11/11	蝶々夫人を探して　／歴史に見る心の国際交流			ブライアン・バークガフニ／クリエイツかもがわ	766	ﾊﾞ		かもがわ出版	2000	78	21	2003
	0090004115	2003/11/11	くらしの理科まるわかりブック　／現代用語の基礎知識２００４別冊附録			自由国民社	403	ｼﾞ		自由国民社	2004	88	26	2003
	0090004116	2003/11/11	第５回　日本現代陶彫展　９４　／土岐市制４０周年記念事業		パンフレット	土岐市	710	ﾄ		土岐市	1994		24	2003
	0090004117	2003/11/11	《墨の祭典》　第六回　岐阜県書作百人展		パンフレット	岐阜日日新聞社．編	728	ｷﾞ		岐阜日日新聞社	1985	62	30	2003
	0090004119	2003/11/11	音楽と人　２０００．０１		雑誌	シンコー・ミュージック	767.8	ｼ	1	シンコー・ミュージック	2000	174	29	2003
978-4-101282-19-0	0090004120	2003/11/25	ターゲット		新潮文庫	清水　義範	913.6	ｼﾖ		新潮社	2000	282	15	2003
978-4-789721-28-8	0090004121	2003/11/25	死ぬまでにしたい１０のこと		ヴィレッジブックス＋	斎藤　薫．他	914.6	ｻｶ		ソニー・マガジンズ	2003	167	15	2003
	0090004122	2003/11/25	新訂・詳解古語		辞典	佐藤　定義．編	813.6	ﾒ		明治書院	1986	569	17	2003
	0090004124	2003/11/25	角川　新字源		辞典	角川書店／小川　環樹／西田　太一郎／赤塚　忠．編	813.2	ｶ		角川書店	1975	1358	17	2003
978-4-095014-54-8	0090004125	2003/11/25	新選　漢和辞典　【新版】		辞典	小林　信明．編	813.2	ｺｼ		小学館	1988	1400	17	2003
978-4-469031-17-1	0090004127	2003/11/25	新漢和辞典　【改訂二版】		辞典	諸橋　轍次／渡辺　末吾／鎌田　正／米山　寅太郎．共著	813.2	ﾀ		大修館書店	1988	1236	18	2003
	0090004128	2003/11/25	新漢和辞典　【改訂版】		辞典	諸橋　轍次／渡辺　末吾／鎌田　正／米山　寅太郎．共著	813.2	ﾀ		大修館書店	1985	1236	18	2003
	0090004130	2003/11/25	旺文社　古語辞典　【新訂版】		辞典	守随　憲治／今泉　忠義／松村　明．共編	813.6	ｵ		旺文社	1979	1406	18	2003
978-4-010775-06-6	0090004132	2003/11/25	旺文社　国語辞典　【重版】		辞典	旺文社／松村　明／山口　明穂／和田　利政．共編	813.1	ｵ		旺文社	1987	1407	18	2003
	0090004134	2003/11/25	例文通釈　古語辞典		辞典	江波　熙．編	813.6	ｴｼ		蒼明社	1953	654	19	2003
	0090004136	2003/11/25	新明解古語辞典　【第二版】		辞典	金田一　京助．監修／金田一　春彦．編	813.6	ｻ		三省堂	1982	129	18	2003
	0090004137	2003/11/25	新明解古語辞典　【第二版】		辞典	金田一　京助．監修／金田一　春彦．編	813.6	ｻ		三省堂	1982	129	18	2003
	0090004139	2003/11/25	アジア＆世界データブック		イミダス別冊附録	集英社		ｼ		集英社	1996	240	18	2003
	0090004140	2003/11/25	保存版・現代用語２０世紀事典　／１９０１〜１９９８		「現代用語の基礎知識」附録	自由国民社．編	813.7	ｼﾞ		自由国民社	1998	336	18	2003
	0090004144	2003/12/01	用字用語　新表記辞典		辞典	松村　明．監修	811.2	ﾏｱ		第一法規出版	1974	666	19	2003
978-4-480877-27-7	0090004145	2003/12/01	二人の紅茶王　／リプトンとトワイニングと・・・・			磯淵　猛．著／斎藤　香織．イラスト	619.8	ｲﾀ		筑摩書房	2000	238	20	2003
978-4-820594-84-0	0090004146	2003/12/01	作家の自伝　４２／島崎藤村		作家の自伝　４２	島崎　藤村／瓜生　清．解説／日本図書センター	910.28	ﾆ	41	日本図書センター	1997	259	22	2003
978-4-820594-89-5	0090004147	2003/12/01	作家の自伝　４７／萩原朔太郎		作家の自伝　４７	萩原　朔太郎／國生　雅子．解説／日本図書センター	910.28	ﾆ	43	日本図書センター	1997	299	22	2003
	0090004148	2003/12/01	俳句大観		辞典	麻生　磯次	903	ｱｲ		明治書院	1971	643	27	2003
	0090004149	2003/12/01	日本国語大辞典　１２／せさ−たくん		辞典	小学館／日本大辞典刊行会．編	813.1	ｼ	12	小学館	1976	716	30	2003
978-4-875491-22-4	0090004154	2003/12/06	日本国勢図会　１９９９／２０００　【第５７版】			矢野　恒太郎記念会．編	358.1	ｺ	1999/2000	矢野恒太郎記念会	1999	542	21	2003
978-4-022200-91-4	0090004155	2003/12/06	朝日年鑑１９９１年版　／別巻・キーパースン９１		年鑑	朝日新聞社	059	ｱ	1991	朝日新聞社	1991	462	27	2003
978-4-022200-92-1	0090004156	2003/12/06	朝日年鑑１９９２年版　／別巻・キーパースン９２		年鑑	朝日新聞社	059	ｱ	1992	朝日新聞社	1992	464	27	2003
978-4-469031-16-4	0090004157	2003/12/06	漢語林		辞典	大修館書店	813.2	ﾀ		大修館書店	1988	1387	18	2003
978-4-469031-16-4	0090004158	2003/12/06	漢語林		辞典	大修館書店	813.2	ﾀ		大修館書店	1988	1387	18	2003
978-4-469031-16-4	0090004159	2003/12/06	漢語林		辞典	大修館書店	813.2	ﾀ		大修館書店	1988	1387	18	2003
978-4-469031-16-4	0090004160	2003/12/06	漢語林		辞典	大修館書店	813.2	ﾀ		大修館書店	1987	1387	18	2003
978-4-061596-03-0	0090004161	2003/12/06	江戸のまんが　／泰平の世のエスプリ		講談社学術文庫	清水　勲	726.1	ｼｲ		講談社	2003	213	15	2003
978-4-010724-04-0	0090004164	2003/12/06	旺文社　漢和辞典		辞典	旺文社／赤塚　忠．他編	813.2	ｵ		旺文社	1985	1279	18	2003
978-4-000800-68-6	0090004165	2003/12/06	岩波　漢語辞典		辞典	岩波書店／山口　明穂／竹田　晃．編	813.2	ｲ		岩波書店	1987	1228	19	2003
978-4-000800-68-6	0090004166	2003/12/06	現代日中辞典		辞典	香坂　順一／望月　八十吉／宮田　一郎．編	823	ｺｼ		光生館	1973	626	19	2003
978-4-767422-10-7	0090004168	2003/12/06	ライトハウス和英辞典		辞典	小島　義郎／竹林　滋．編	833	ｹ		研究社	1987	1757	19	2003
978-4-385103-85-3	0090004169	2003/12/06	新クラウン和英辞典　【第５版】		辞典	山田　和男／	833	ｻ		研究社	1987	1202	19	2003
978-4-010750-09-4	0090004171	2003/12/06	サンライズ和英辞典		辞典	小川　芳男	833	ｵ		研究社	1984	1642	19	2003
	0090004174	2003/12/06	いまが読める人物ファイル！		現代用語の基礎知識・別冊付録	自由国民社	059	ｼﾞ	2002	自由国民社	2001	168	26	2003
	0090004175	2003/12/06	世界事典		現代用語の基礎知識・別冊付録	自由国民社	059	ｼﾞ		自由国民社	2000	155	26	2003
	0090004176	2003/12/06	キーパースン／現代日本人名録　２００１		知恵蔵付録	朝日新聞社	281.03	ﾁﾞ	2001	朝日新聞社	2001	324	26	2003
	0090004177	2003/12/06	キーアドレス／最新・現代日本団体名簿		知恵蔵２００２・付録	朝日新聞社	059.1	ｱ	2002	朝日新聞社	2002	258	26	2003
978-4-000093-10-1	0090004186	2003/12/11	遠距離介護		岩波ブックレット６１０	太田　差恵子	367.4	ｵｻ	610	岩波書店	2003	63	21	2003
978-4-000093-11-8	0090004187	2003/12/11	公立小学校の挑戦　／「力のある学校」とはなにか		岩波ブックレット６１１	志水　宏吉	376	ｼｺ	611	岩波書店	2003	71	21	2003
	0090004189	2003/12/11	日本十進分類法　【新訂７版】			日本図書館協会・分類委員会／森　清．原編	014.45	ﾆ		日本図書館協会	1980	734	22	2003
	0090004190	2003/12/11	イビデン７０年史			イビデン株式会社社史編集室		ｲ		イビデン	1982	377	27	2003
	0090004191	2003/12/11	漱石書畫集			夏目　漱石／岩波書店	728.8	ｲ		岩波書店	1976	60	43	2003
978-4-061853-66-9	0090004194	2003/12/11	緑幻想　／グリーン・レクイエム　㈼		講談社文庫	新井　素子	913.6	ｱﾓ		講談社	1993	373	15	2003
978-4-061833-71-5	0090004195	2003/12/11	占星術殺人事件		講談社文庫	島田　荘司	913.6	ｼｿ		講談社	1992	469	15	2003
978-4-480027-81-8	0090004196	2003/12/11	脳の見方		ちくま文庫	養老　孟司	491.371	ﾖﾀ		筑摩書房	1993	295	15	2003
978-4-480028-14-3	0090004197	2003/12/11	山田かまちのノート　〈上〉１９７３−７６		ちくま文庫	山田　かまち	289.1	ﾔｶ	上	筑摩書房	1998	388	15	2003
978-4-480028-15-0	0090004198	2003/12/11	山田かまちのノート　〈下〉１９７７		ちくま文庫	山田　かまち	289.1	ﾔｶ	下	筑摩書房	1993	362	15	2003
978-4-167586-01-0	0090004199	2003/12/11	水に眠る		文春文庫	北村　薫	913.6	ｷｶ		文藝春秋	1997	254	15	2003
978-4-334028-67-1	0090004222	2003/12/11	東京殺人暮色　／ウオーター・フロント		カッパノベルス	宮部　みゆき	913.6	ﾐﾐ		光文社	1994	232	18	2003
978-4-061820-80-7	0090004223	2003/12/11	百鬼夜行　／陰		講談社ノベルス	京極　夏彦	913.6	ｷﾅ		講談社	1999	374	18	2003
978-4-061821-27-9	0090004224	2003/12/11	夢・出逢い・魔性		講談社ノベルス	森　博嗣	913.6	ﾓﾋ		講談社	2000	293	18	2003
978-4-061819-70-2	0090004225	2003/12/11	まどろみ消去		講談社ノベルス	森　博嗣	913.6	ﾓﾋ		講談社	1997	272	18	2003
978-4-063304-04-6	0090004229	2003/12/11	新機動戦記・ガンダムＷ（ウイング）外伝　／右手に鎌を左手に君を			矢立　肇／富野　由悠季．原作／皆川　ゆか．著	913.6	ﾔﾊ		講談社	1996	253	18	2003
	0090004230	2003/12/11	印象派の魅力　／花ひらく光と色彩のハーモニー		グレートアーティスト別冊	同朋舎出版		ﾄﾞ		同朋舎出版		144	30	2003